1,3,0,0,0,0,0,0,0,0,0,0,0,0,0,0,0,0,0,0,-0.379685535,-0.11922631,0.352558062,0.054928702,-0.249430276,-0.174211812,0.041949576,-0.278202033,0.343787607,-0.069726993,-0.077136491,0.271414064,-0.243457891,-0.318490636,0.47810577,-0.122506343,-0.454275194,0.17282359,0.075855692,-0.350145786,-0.341712228,-0.418785547,0.159416157,0.131102905,0.420065651,0.19035942,-0.128840735,-0.075617424,-0.209068867,0.192611587,-0.313191068,-0.13110826,0.438499628,-0.075502258,0.330537596,-0.414829798,0.236309673,0.329876832,0.404440358,-0.163835967,-0.185133622,0.303315772,-0.202214292,-0.007141749,-0.21485357,0.143388645,0.042027818,-0.045211673,0.214123899,-0.358496227,0.346901821,0.156015099,-0.139412799,0.346510637,0.091008484,-0.213828524,-0.42302171,0.278738589,0.047131715,0.073962309,0.149196341,-0.180733575,-0.401882535,0.417022682,-0.318731084,-0.328879154,-0.356520958,0.297312859,0.435504733,-0.321249524,-0.190020806,0.295251973,-0.188797274,-0.099479942,-0.038723896,0.108565666,-0.113796224,-0.34388167,-0.147694398,0.29334661,-0.344468676,0.316671136,0.093408142,0.475099868,-0.219920826,0.370000263,0.377295189,0.02656922,0.305764821,-0.223133832,0.178785296,-0.323087155,0.429778114,-0.163817872,-0.137173702,0.203321653,-0.024484134,-0.301914975,0.330655861,0.261445634,-0.208496245,0.303396814,-0.002961273,-0.464982084,-0.187931946,-0.113591118,0.023354624,-0.272160588,0.008730717,0.255070479,0.331897219,0.482810158,-0.078738089,-0.141439994,-0.003920074,0.09296708,-0.113964658,0.166867148,0.139330664,-0.13148839,0.476792732,0.120411906,0.482293437,0.241583261,0.039134327,0.359875136,0.153540683,0.127059808,-0.464986305,-0.38268662,0.323336064,-0.287063126,0.217225788,0.039279687,-0.366926537,-0.272135686,-0.073661916,0.321070255,0.274853996,0.326189704,0.043726099,0.358364922,-0.073751555,0.042382284,0.344334399,-0.331571303,-0.435371316,-0.203014867,0.171496729,0.09768917,0.473537799,-0.314734105,-0.496391866,0.315903588,-0.489595934,0.247510184,-0.401345617,0.299277537,-0.069509751,0.106425342,-0.012436168,0.425795949
2,3,0,0,0,0,0,0,0,0,0,0,0,0,0,0,0,0,0,0,-0.24369454,0.262395254,-0.358941563,-0.054324866,-0.155206944,-0.038648986,0.157141348,0.448243181,0.436443257,-0.107205155,-0.192430597,-0.476295,0.071066097,-0.462961178,0.241619953,0.114145515,0.324295519,-0.239006784,-0.42582784,0.062774368,-0.143018565,0.260862146,0.48258405,0.103812874,-0.223536857,0.167878762,-0.196942455,-0.012427054,0.284302385,0.069734446,-0.047855754,-0.393824244,0.029391338,-0.144369257,0.30275638,-0.124992914,0.498435873,0.16690606,0.416507551,-0.266596445,0.157651121,-0.17203791,-0.224580641,-0.044786411,-0.089908446,0.443739127,0.365990562,-0.494225397,-0.247625389,0.380262263,0.147336731,-0.053503282,0.302641772,-0.406195831,0.082569009,-0.128358588,0.128438013,0.241983654,0.028791492,-0.435967507,-0.471224233,-0.303357689,0.366058003,-0.022665354,-0.381014322,0.483615484,-0.200660256,-0.207816422,0.230042345,-0.201463306,0.290016092,-0.348149888,0.265889448,-0.409411337,-0.435387817,-0.239730956,-0.237125885,-0.232363068,0.108467417,-0.178837969,-0.035263306,-0.143544135,-0.019269756,-0.188367785,0.264687826,0.450780409,0.184535377,0.317006554,-0.127059068,-0.002310114,-0.307569313,0.105850741,-0.456346263,-0.090645963,-0.437918358,0.294979271,-0.360431281,-0.357555265,-0.119007417,-0.15606748,0.225728409,0.261540299,-0.448555557,0.226790407,-0.234523273,0.095622675,0.168060187,-0.043658874,0.342544487,0.408291379,0.450369512,0.181521539,0.152352404,-0.467408769,-0.128544406,-0.15630535,0.293750884,-0.329625089,0.271227815,-0.139272554,-0.350747557,-0.476106179,0.359074825,-0.490018412,-0.132602327,0.113835504,0.095613624,-0.397772998,0.155232402,-0.456702103,-0.003038732,0.178137633,-0.248040974,0.091215351,0.427416585,0.317426677,-0.413338584,-0.138475973,-0.062349901,0.227826896,-0.276411831,0.275877873,-0.334538125,0.07702063,-0.232184259,-0.021999876,-0.255122725,0.045271716,0.442197901,0.216778261,-0.433188215,-0.190089043,0.053344818,0.492984153,-0.399252707,0.124974317,-0.460039403,0.191024413,0.321822731,0.330191938,0.24120371,0.072399309
3,1,0,0,0,0,0,0,0,0,0,0,0,0,0,0,0,0,0,0,-0.408546989,-0.486825499,0.43582156,-0.118427709,-0.387948506,-0.342958178,0.084645489,-0.092274651,0.317641515,0.432886748,0.059618985,0.157399106,-0.22789582,0.342366407,0.461867579,-0.176710243,-0.174480246,-0.319639186,0.419404932,-0.0165015,-0.073478157,0.271037542,0.01190555,-0.066697275,-0.39520643,0.132809383,-0.304439552,0.238041146,-0.277203437,0.148570711,-0.204631825,-0.499020692,0.14953419,0.45724639,0.295299136,-0.035955499,0.03161152,-0.358914643,0.288607748,0.402092972,0.328065452,-0.139719772,0.051152402,0.332895916,-0.264600939,-0.117608407,-0.230080983,0.345303789,-0.442034045,0.468705096,0.497030631,0.347072159,0.476310262,-0.186952795,-0.09363932,-0.248394425,-0.467720292,-0.319265574,-0.094546376,0.059399727,-0.015310036,-0.43377143,0.099793342,-0.054764867,-0.00697115,-0.422279764,-0.480455747,-0.163800709,0.359150901,-0.13474067,-0.099272572,0.058387861,-0.201877419,0.236202085,0.163379066,-0.058341728,0.419340654,0.147640412,-0.451425156,-0.197916751,0.277755722,-0.469870717,0.164289674,0.470775013,0.002495303,-0.119574494,0.446898356,0.005523817,-0.373609264,-0.236899786,0.270708369,0.408218795,-0.175126597,0.281785244,0.132252142,-0.423708227,-0.173582828,0.220462576,-0.000847928,0.340448759,0.279164048,0.413604218,0.04520743,0.283726547,0.34958188,0.481118098,-0.40606181,0.098436159,0.288962904,0.359954544,0.162157013,-0.482172589,-0.367715892,0.078875693,-0.46677387,0.358333175,0.09140977,-0.043710605,0.296492244,-0.073975377,0.070829081,-0.146803394,0.264978229,-0.02256754,-0.430918486,0.284200808,-0.372253627,-0.419836937,0.032733815,0.079175523,-0.393566036,-0.407239261,-0.497765766,-0.10341504,-0.232702067,0.076042039,0.1301789,0.216601137,-0.009308994,-0.240349399,-0.137511806,0.488059031,0.419228002,-0.282145174,-0.248299983,-0.132059825,0.493986907,-0.342365982,0.019049347,0.475473227,0.444924836,-0.310127921,-0.401786907,0.285088428,0.327275447,0.141001372,0.478561411,-0.296638196,-0.109969921,-0.132287478,-0.280533518,-0.485267363
4,2,0,0,0,0,0,0,0,0,0,0,0,0,0,0,0,0,0,0,0.225690837,-0.338630205,-0.470318253,0.239176831,0.282319757,-0.328455239,0.297014341,0.022167007,-0.080505823,0.33960452,-0.086524453,-0.026851689,0.259114339,0.113564191,0.169804538,0.383408027,-0.379904663,0.214436992,0.39072116,0.487614653,0.332811116,-0.057911775,-0.151524614,0.385451423,0.204744491,0.445123468,-0.172778784,0.410667015,0.353133088,-0.465385752,-0.485545761,-0.375485109,-0.466513329,-0.004511905,0.168212575,0.218951358,-0.025312214,-0.057816405,0.249952338,0.44211036,0.08197327,0.076693724,0.422969252,0.204472042,0.188429961,0.237395318,0.49494933,-0.211210103,-0.176275606,0.376084687,-0.469307905,0.070240605,-0.274378238,0.068413913,0.477261294,0.355408244,0.045435422,-0.150554873,-0.271221491,0.36961344,-0.107115634,0.071314005,0.111785988,0.061746605,-0.471078127,-0.395983599,-0.205433361,-0.245837731,0.146934455,-0.456893385,-0.384980942,-0.257659222,0.283296225,0.149617817,0.281647254,-0.255078915,0.467599726,-0.472209908,-0.169064826,-0.380642244,-0.239029684,0.045213796,-0.37816274,0.491853167,0.337706796,0.217769778,0.014327373,-0.097635719,0.241077337,-0.281728086,-0.286091369,-0.263617683,-0.111564526,0.322989974,-0.432301074,-0.395168576,-0.186093184,-0.015745034,0.370166383,-0.058168455,-0.481266874,-0.189877789,-0.022198973,0.41721856,0.149946647,-0.456408895,-0.258030486,0.306613456,0.047382786,0.164153335,-0.052089699,0.22648087,-0.012874094,0.483465872,-0.404711466,0.125015571,0.206318819,0.074717201,0.471939757,-0.378156259,0.019851811,-0.438220327,0.057393325,-0.289575073,0.033784032,0.19951389,0.346477021,0.476688199,-0.376564872,-0.199385547,0.205765132,-0.154164816,0.475921594,0.407159993,0.36684364,0.446390744,-0.402502546,-0.333446395,-0.379673467,0.476480257,0.255396041,-0.348186201,0.203268956,-0.028038317,-0.138045934,-0.134801545,-0.229917169,0.109438105,-0.184363375,0.381919163,-0.29672738,0.129325489,-0.210833652,-0.472774683,-0.144731045,0.135048649,-0.100702906,0.135411787,0.116349333,0.414086938,-0.394142672,0.313326979
5,2,0,0,0,0,0,0,0,0,0,0,0,0,0,0,0,0,0,0,0.476095585,0.03498923,0.069525458,-0.276268403,0.487049483,0.301626967,0.048384132,-0.284618013,0.249187756,0.191851584,0.232637623,0.156985095,0.212549684,0.17237177,0.2049612,-0.418804097,0.242810639,-0.234935936,-0.029211463,0.212601286,-0.489193335,-0.05792103,0.228427852,-0.359842089,-0.148024827,-0.151997163,0.243234682,0.299825073,0.295388544,0.486984775,0.353154078,-0.442843085,0.484518155,-0.128864275,-0.235218383,0.022391824,-0.296923086,-0.296344472,0.399678265,-0.207899589,0.179250034,-0.033957467,0.120010245,-0.40827335,0.270333894,-0.206612222,-0.299329375,0.292380365,0.027264483,-0.244844296,0.42187584,-0.006987295,-0.495272499,0.111000251,0.13181594,-0.204370471,0.017503127,-0.217935254,0.073273138,-0.443528576,0.347409389,-0.332138131,-0.318790292,0.270111914,-0.322330494,-0.452771449,-0.059838352,0.33619937,-0.22726157,0.128999213,-0.259139031,-0.229908466,-0.368413979,-0.13606096,-0.005155238,0.448904615,-0.478855753,-0.105872633,0.053896031,-0.266477255,-0.055912702,-0.000619889,0.237996314,0.274886989,-0.28867588,-0.397552167,0.001056531,0.499406149,-0.125455956,-0.184374493,0.458028589,0.173605692,-0.172132942,0.151057374,-0.339914364,-0.42784619,0.410110952,-0.124580477,0.136395328,0.116177961,0.330399082,0.066811274,-0.178403726,-0.089692522,-0.300207375,0.22758389,-0.442576548,0.387152787,-0.119656915,-0.178514851,-0.104985034,0.266953583,0.260420882,0.336895196,-0.068732466,0.257903183,-0.06861274,0.430078697,0.388195189,0.359178725,-0.424362336,0.373276074,0.088580423,0.283980849,0.17975565,0.422105307,0.394293858,0.393909615,0.458976925,-0.174855806,0.055493973,-0.371222875,0.120374966,0.025711335,0.269504628,0.227480697,0.302139489,0.151762656,-0.432496396,-0.434166408,-0.294969113,0.154468612,0.43524217,0.186273983,0.079554347,-0.060564338,0.330850443,0.062146582,-0.151392085,-0.463315843,-0.011629398,0.325773992,-0.269679392,-0.2236069,-0.41000535,0.094809023,0.279506614,0.077070611,-0.446929726,-0.344617692,0.288623335,-0.188792162
6,1,0,0,0,0,0,0,0,0,0,0,0,0,0,0,0,0,0,0,0.309773952,0.10333324,-0.019668356,0.290621409,-0.442063696,-0.393665027,-0.116282669,-0.290410401,0.030840876,-0.270001011,0.214944671,0.398534082,-0.128096908,-0.229933338,0.480572542,0.474398876,0.206972687,-0.249430139,-0.112024176,0.426025852,0.482587991,-0.31563452,-0.017725111,0.343724897,-0.417152605,-0.152277744,-0.267112807,0.391885003,-0.349351789,0.194661998,0.065276078,-0.268128607,-0.079119954,-0.370469598,-0.4253175,0.429601753,-0.276255153,-0.332203702,-0.131413479,-0.07190639,0.135712715,0.04535143,-0.33664351,0.429922605,-0.456292658,0.085606726,0.408004522,0.017930799,-0.355047925,0.101453815,-0.175822249,-0.455328337,0.130492541,-0.204315615,0.336476241,0.241977448,0.49474831,-0.471266395,-0.07910117,-0.358317134,0.076531889,0.446636636,0.421679462,-0.243062623,-0.431191012,-0.195138545,-0.122012659,-0.449313138,-0.164939497,0.38520385,-0.138074633,-0.48619582,-0.060558146,-0.316795226,0.257971824,-0.310004035,-0.163977953,-0.457427205,0.311471949,-0.28198799,0.169220107,0.13086845,0.139996054,0.413831644,0.113142934,-0.412769387,0.236342708,0.086400244,0.121864081,0.328198001,-0.204324338,0.170137342,-0.124230265,-0.128296889,-0.028255397,-0.134164139,-0.409067153,0.132088777,0.408350717,0.308721331,0.209063621,0.450520962,-0.397821309,0.328337305,-0.195080288,0.155445265,-0.168171972,0.129572589,-0.163854675,0.196757746,-0.464662477,0.20754357,-0.38265473,0.365133883,0.134707068,-0.488806026,-0.374215407,-0.205516382,0.390882969,0.29137229,-0.05955825,-0.149226813,0.426382891,0.208796094,0.279227956,0.134478111,-0.424802069,0.135710397,-0.268977581,0.166705356,0.210820337,-0.337804114,0.379758201,0.390545949,-0.336793858,-0.386018569,-0.41287016,0.399492425,0.264192805,-0.096736594,-0.261420228,-0.196220214,0.458353499,-0.232567029,-0.235943452,-0.136718814,-0.21752046,-0.097239108,-0.279376643,-0.0478866,0.351844801,0.170987958,0.16833219,0.075380711,0.295115271,0.44641738,-0.01613614,0.032509073,0.352229553,-0.220496101,-0.361729244,0.414395691
7,2,0,0,0,0,0,0,0,0,0,0,0,0,0,0,0,0,0,0,-0.409214383,0.380083269,-0.1842548,0.433123159,-0.093569272,-0.030716556,-0.430328648,-0.386740033,-0.348537432,-0.186192047,0.000305837,-0.377206666,0.383309986,0.239680071,-0.30473314,-0.010486546,0.340773141,-0.375315397,-0.100401269,0.135191353,-0.159136485,-0.210356952,-0.423486344,0.065166761,0.342795511,0.348305902,0.182999377,0.174985139,0.448141792,-0.065955299,0.116316536,-0.021503314,-0.40262398,0.298674202,0.38799602,0.123353895,-0.317012775,0.07463447,0.151282416,-0.159883159,0.228060925,-0.493589876,0.246055299,-0.029800001,0.176683532,-0.309536914,-0.067903472,-0.064333327,-0.291263252,-0.184896684,0.457157381,0.45040134,-0.173389547,-0.43737939,0.050615013,0.427463214,-0.234927226,0.225648817,0.346594493,0.411448069,-0.452002513,0.198132318,0.122267524,-0.042541355,0.256859534,0.328413249,-0.412373978,-0.310192722,-0.214129422,0.167855979,0.282363567,0.303848071,0.03733715,0.413074269,-0.076415364,-0.476640561,-0.341714534,-0.176775566,0.304896665,-0.006329319,-0.464392937,-0.40402298,-0.426973347,0.27725052,0.351941316,-0.393323041,-0.097560596,-0.476251521,-0.441778999,0.054851586,-0.248479397,0.010503209,0.141268536,-0.079376422,-0.484276006,-0.40769386,-0.443958881,0.210734878,0.4936678,0.160731224,0.152084381,0.269785639,-0.348498702,0.493615726,0.352464558,0.446940995,-0.291051426,0.374300376,-0.259089651,0.141756749,-0.422727448,-0.421989934,0.079106891,-0.295076436,0.154987867,0.259280356,0.111044681,-0.159372404,-0.068512521,0.429608518,-0.184962501,0.046873991,-0.238165935,-0.411469606,-0.463515692,0.238518417,-0.442197773,0.164099031,0.175661093,0.0248993,0.49084481,0.230263403,0.314789329,0.159863216,-0.378008648,-0.001080126,-0.152661031,0.446623222,-0.338226545,-0.166568462,0.319984444,-0.136711208,-0.179892721,-0.001814861,-0.186156296,-0.122945465,0.431649848,0.045277465,-0.223409556,-0.164066946,0.236480985,-0.355302268,-0.229258784,-0.033433935,-0.140950467,-0.211605063,-0.374119951,-0.134954098,0.160157851,-0.35860664,-0.026206352,0.444828432
8,2,0,0,0,0,0,0,0,0,0,0,0,0,0,0,0,0,0,0,-0.262655352,-0.125357778,-0.394548415,0.101716583,-0.081637697,0.094559456,-0.482522884,0.370542044,0.13053062,-0.016747497,-0.086785882,-0.41842862,-0.464415049,-0.018827101,-0.210291983,-0.023188834,0.295222358,-0.219515338,0.076878165,0.41728502,-0.223113881,-0.447300101,-0.401128671,0.202003953,0.42241349,-0.291841535,0.400045401,-0.372249924,-0.115990653,0.077702253,0.219245211,-0.254058133,0.382592553,-0.281582398,0.105991316,0.318747646,0.06289884,0.075593348,0.350915181,0.241262688,0.407810007,-0.017935267,0.050234351,-0.320036677,-0.46878576,-0.056112082,-0.259728216,-0.120199632,0.39428953,0.347811821,-0.377014338,0.013192099,-0.31556302,-0.368710874,-0.042814457,-0.416174077,0.259177602,0.079789977,0.212572724,-0.243423984,-0.310838499,-0.241043056,-0.425047051,-0.438007246,-0.464975142,0.150662096,0.350930979,0.219718226,-0.437834645,0.342301145,-0.25089288,-0.16016955,0.135593409,0.117682478,0.412257033,0.494517389,-0.456148127,0.015643264,-0.058813046,0.104630561,-0.023416731,0.359046861,0.485917294,-0.243434149,0.32465909,0.412090808,0.283558695,-0.045431689,-0.115127812,0.197876716,-0.205294387,-0.078044354,0.433028767,0.100967642,-0.168616843,0.3919038,-0.02013756,0.191181709,-0.220456037,0.37433608,-0.156470714,0.235144207,-0.302176901,0.150106651,0.460528045,-0.388856291,-0.278280439,0.227066231,-0.386274059,-0.189388494,-0.181416196,0.194747676,0.481756683,-0.10393338,-0.47624754,0.335306668,0.108392646,0.190642516,-0.158119029,0.488001406,-0.446420291,-0.401664869,0.019987304,0.022893827,0.119658759,0.296884498,0.389929682,-0.143396866,-0.353115929,0.106726858,-0.061997156,0.23884076,-0.058315429,-0.380273439,-0.31195193,-0.446895447,-0.060800097,0.170421056,0.381933129,-0.391691723,0.208459409,-0.049714356,0.307469412,-0.149728921,-0.1158424,0.002047831,0.458794079,-0.407110239,0.053316168,0.486354947,-0.482043427,-0.241534617,0.038208084,0.487121741,0.41890916,-0.27494592,-0.101244323,-0.285341474,0.496312466,-0.294139655,-0.171800059,-0.222796609
9,3,0,0,0,0,0,0,0,0,0,0,0,0,0,0,0,0,0,0,0.431527972,-0.368410386,-0.064824927,0.221755865,0.386880033,-0.228674699,0.19340726,0.294132769,-0.133268656,0.310893732,0.097093586,0.335939961,-0.039873927,-0.190170506,-0.214398031,-0.07732188,-0.29528304,-0.121048908,0.095469802,0.252472893,0.365402022,-0.439793637,0.160764279,-0.081055779,0.443559027,-0.25115525,-0.18529625,0.044502562,0.223975808,-0.42487771,0.146025088,-0.188116637,-0.37346428,-0.041356332,0.132918089,-0.287995718,0.058428614,-0.436906163,0.315434075,0.325253558,-0.139881562,0.112510506,-0.025888499,0.171091048,-0.195490177,0.482396971,0.25814724,0.097366846,-0.056283717,0.149873269,0.150778771,-0.16396383,-0.098455423,0.476712176,0.072627597,-0.274027839,0.482269735,-0.092495215,0.305590683,0.196352197,0.207486997,0.492349174,0.270452776,0.415616179,0.102787151,0.189353615,0.010727679,-0.458730528,-0.265286626,0.166894925,0.023323413,0.254825723,0.145917931,-0.191029893,-0.166538661,-0.266041307,-0.047351258,0.329128758,0.436865867,-0.099543942,0.453656016,-0.180628494,-0.073423099,-0.312159463,0.153320768,0.200048377,0.284823216,0.196548199,-0.375732469,-0.104810238,0.45223102,-0.052673336,0.125934581,0.134850334,0.387227983,0.005039309,-0.144463725,-0.418054307,-0.102161774,-0.474664468,0.136562377,0.495708947,-0.433849096,0.275669883,0.247420898,-0.122706393,0.092579932,-0.100073116,-0.04095851,-0.00480264,-0.137381245,0.13243148,0.185217327,0.359079591,0.483129955,-0.177601374,0.45317478,-0.399805752,0.448295592,-0.496101229,0.174320448,-0.174942262,-0.022810255,0.339189882,-0.06367309,-0.163879689,0.415520873,-0.425210569,0.247678561,0.159107714,0.41342774,0.17993389,0.344510529,0.081347999,0.379298193,0.086096053,-0.182965507,-0.111202386,0.466416166,0.414004645,-0.070944284,0.191628336,-0.425171398,0.261133424,-0.410952885,-0.3508642,-0.454840916,0.027900918,-0.015043126,-0.455621374,-0.115818089,-0.11515485,-0.082613127,-0.482644705,-0.006194526,-0.174188722,-0.14300943,0.342674743,-0.024299901,-0.186286782,-0.288100621,-0.066425133
10,3,0,0,0,0,0,0,0,0,0,0,0,0,0,0,0,0,0,0,-0.346858571,-0.194295734,0.219698088,-0.231208319,0.489726356,-0.05638548,-0.224069616,-0.32781986,-0.408545572,-0.086712921,0.377326485,0.327136314,-0.045746548,0.412967685,0.192906313,0.078768799,-0.436635681,-0.173823377,0.07982185,0.466415905,-0.135914509,-0.431485645,0.133263847,-0.462496594,-0.49478583,0.170626795,0.10096872,0.320886243,0.107106428,-0.028921648,0.2028224,-0.116284178,0.12561501,0.323155652,-0.425230963,0.160523138,-0.328750683,0.468646818,0.203693136,0.226606587,0.399737966,-0.300583789,-0.163845258,-0.110039066,0.31576008,0.114116565,-0.071181564,0.396883644,-0.47405201,0.182654688,0.262127511,-0.313958044,-0.359650719,0.455050149,0.361235592,-0.015816585,-0.346627631,0.094099828,0.359419657,-0.386179557,-0.264173991,0.472784482,0.39915809,-0.320881508,0.438998223,-0.142372842,0.094769538,-0.189135023,0.349807375,0.198236577,-0.022031303,0.384795674,0.242892486,0.261042003,0.213905696,-0.420297233,0.251097423,-0.218250261,0.210218014,0.312647676,-0.479861855,-0.033675299,0.045333039,0.478250043,0.226329196,-0.455676135,-0.085278074,0.027422852,-0.28191929,-0.328817874,0.03501517,0.248071835,-0.107536094,0.287574027,-0.344147939,0.156176129,-0.262521693,0.074249045,0.008046437,0.170315139,0.258740508,-0.110239377,0.164112837,0.22610536,-0.233850558,-0.453716759,-0.096592646,0.18915923,-0.278329984,-0.034764808,-0.240901089,-0.153923508,0.043711978,0.159697773,0.477897465,-0.107373148,-0.073332298,0.114645446,0.145926646,0.196681596,-0.133992651,0.478774727,0.225339041,0.190599764,-0.3200825,0.043243296,-0.293766372,-0.456326846,-0.112196676,0.262903607,-0.492854426,0.279882909,-0.155938062,-0.425360266,0.154839593,0.239618798,-0.467630453,-0.014811505,-0.359651145,0.236160579,-0.098688555,0.337350233,0.183162908,0.428619837,0.066519334,-0.181232401,0.439178134,0.322688269,-0.382432906,-0.348525697,0.460486076,0.418937581,-0.350288579,0.493188989,0.456285392,-0.144435664,-0.00885003,-0.107146721,0.114164138,0.438371127,0.415805666,0.173186094
11,1,0,0,0,0,0,0,0,0,0,0,0,0,0,0,0,0,0,0,-0.080289643,0.215424889,0.419731443,0.362049706,-0.440130374,0.237230284,0.396066214,0.262197045,0.111678963,0.345405781,-0.230942176,0.43549231,0.302968064,-0.246252414,-0.157993982,-0.21702871,-0.314670926,-0.174784538,-0.222936936,-0.473869664,0.082117419,-0.193227078,0.256666429,-0.262392622,0.165457208,0.361162391,-0.023036335,0.130940706,0.476185434,-0.469405282,0.192925468,-0.400634292,-0.370619922,0.281980775,0.072928974,-0.007367748,-0.154421247,0.016731151,-0.372571083,-0.161400155,0.314004469,0.380298503,0.451921113,0.152890107,0.229077158,0.377535637,0.468737385,0.135150314,-0.354800535,0.189590781,0.265298083,0.424504784,-0.432732834,0.196459702,-0.491716252,-0.32045549,-0.064435236,-0.463536603,0.263773571,-0.440271118,0.373668365,0.07981755,-0.127265859,-0.284653516,-0.253311538,-0.041890532,0.319327855,0.142205893,-0.27535365,-0.22510424,-0.213653255,0.225000413,-0.338011307,0.324783021,0.317662715,-0.02018567,0.189206144,0.069251918,0.201921663,0.411511536,-0.033767829,-0.242866389,-0.145205223,-0.474228777,0.069759686,0.436046,-0.391064028,0.378308079,0.477823992,-0.321754547,-0.078619203,-0.39466134,0.074961113,0.140248299,0.077457633,0.159628266,-0.470037977,-0.409775058,-0.491631566,0.475476976,0.295703775,0.270567391,0.346431743,0.003775824,-0.153250153,-0.084819817,-0.182433276,-0.005211316,0.105372603,-0.088057773,-0.485066564,-0.438411979,-0.189638024,-0.009563552,-0.48927048,0.431096484,0.355445484,0.423441808,-0.355019497,0.382459771,0.365355011,0.057831111,0.180745887,0.183999373,-0.012462293,-0.46358355,0.334499974,-0.129732363,-0.443781494,-0.163067869,-0.021468584,0.449750563,-0.067017162,-0.262255784,0.0690424,-0.398462391,0.444259532,0.022023316,0.079213603,-0.39419908,-0.078955915,0.153016264,-0.089162903,-0.341799928,-0.100085777,-0.207299291,0.421205711,-0.157648402,-0.433150274,-0.105495072,-0.166217228,0.377276157,-0.48341951,0.177923475,-0.098237557,0.318259832,-0.139853566,-0.411241636,-0.237033213,-0.330161165,-0.35793461,-0.136637045
12,3,0,0,0,0,0,0,0,0,0,0,0,0,0,0,0,0,0,0,-0.037388703,-0.131358628,-0.074035785,-0.451334783,0.127307069,-0.188407323,0.273741136,-0.218105821,0.24925335,0.041513591,-0.321713255,-0.195166493,0.483910237,0.357416118,0.313503109,-0.422927198,-0.222472694,-0.00917731,-0.262179281,-0.038872998,-0.47726014,-0.417790221,0.428624135,-0.220558036,-0.20896964,-0.49680084,-0.265041697,-0.410796886,-0.489811477,-0.3996053,-0.485401748,0.285512231,0.24298983,0.185784722,-0.130974115,-0.373103899,-0.019852597,0.066404325,-0.493931738,0.479258922,-0.413820829,-0.407524864,0.344913519,-0.004710795,0.231167134,0.108513646,0.031930209,0.085979914,0.304472244,-0.184077974,0.058178244,0.399319347,-0.061696087,-0.101650113,0.160709102,-0.401641623,0.369629424,-0.177362174,-0.350284606,0.026758546,-0.061755872,0.008427643,0.232299283,-0.135426443,-0.443090539,-0.441452528,-0.198908439,-0.389584685,-0.003698201,0.460053086,-0.477836743,0.17830397,0.303100755,-0.397669215,0.391632792,0.068400215,0.113882165,0.113940195,0.234082881,-0.039533956,-0.459434168,-0.106101196,-0.111637958,-0.312701044,-0.314994563,-0.194116472,0.067556474,-0.127467224,-0.309107356,-0.184651515,0.089879433,-0.436902906,-0.439515741,0.379830526,0.35593559,-0.04872468,-0.248253228,-0.348261032,0.095279152,-0.235300119,-0.171651173,-0.479302264,-0.478604502,0.104771993,0.160517836,0.209033407,0.119196704,0.43489107,-0.130886778,0.039274236,0.342832712,0.059527962,-0.131645756,0.116550197,-0.475919703,-0.206425569,-0.0055231,0.01155647,0.282783612,-0.401450531,-0.191820228,0.091267025,0.190780126,-0.241858157,-0.271945075,-0.075142333,-0.130542201,-0.319783413,-0.309714112,0.191321924,0.098549203,-0.354188564,-0.463269322,-0.266963803,-0.120020044,-0.222202114,-0.190906477,-0.163945433,-0.264450354,0.172779788,-0.428774801,0.47318613,-0.179066102,-0.470548987,0.294677948,0.119932258,-0.289041968,-0.284968125,-0.275523889,-0.153865965,-0.047697322,-0.461447136,-0.007349337,-0.302296575,-0.310236368,-0.454347689,0.066420743,-0.086914298,-0.149101586,-0.085796925,-0.094008051,0.26812342
13,3,0,0,0,0,0,0,0,0,0,0,0,0,0,0,0,0,0,0,-0.478646699,-0.486517931,0.463776633,-0.189233498,0.259375608,-0.10825539,-0.117572211,0.43359542,0.182976662,0.377963959,-0.056586586,0.137399018,-0.283078184,-0.376854772,-0.019054893,0.463070844,-0.090814505,-0.234979123,0.107909634,0.411862134,0.217719026,-0.022916519,-0.298961217,0.235552737,-0.371659024,0.458810504,-0.338111459,-0.241625406,-0.106729835,-0.061416964,0.008284506,0.391545904,-0.422717505,0.494200341,-0.142273584,-0.280952323,0.464683819,-0.051960788,-0.160169081,0.469797624,-0.284748123,0.26480651,0.419226978,-0.153350098,-0.038988702,0.26948117,-0.476594959,-0.443327405,0.308166689,-0.388559575,0.251856222,0.479928177,-0.050270327,0.227913886,0.293424585,-0.274494052,-0.195663449,-0.394193145,-0.001869305,-0.146171499,0.275464663,-0.094416692,-0.162188984,0.293277917,-0.12728414,0.494297177,0.246753681,0.446960731,0.05304683,-0.362991281,-0.440903087,-0.328045719,0.224786998,0.016721794,-0.045907635,0.218650423,0.410995186,0.392625827,-0.016578341,0.341835834,-0.408832212,0.06482488,0.386590307,0.137922015,0.231521701,-0.10911544,-0.498991004,0.224261003,-0.025963522,0.395426063,-0.357291436,0.156756781,-0.116849382,0.028645104,0.371720232,0.481005245,0.046468729,-0.136968157,-0.437010522,-0.470030431,-0.307953819,-0.030283884,-0.320723012,-0.482279078,0.319779734,0.386761406,-0.413163271,0.134047832,-0.351857233,-0.018621329,-0.332253039,-0.28123851,0.449965498,-0.38357011,-0.135394597,0.187296855,-0.407829256,-0.141260084,-0.356113166,0.190733747,-0.195662923,0.012633138,-0.316404054,-0.476365103,-0.120327598,-0.473239944,0.378935674,-0.45787826,0.159441334,-0.194322211,0.016545646,0.322381981,0.268101181,0.159796205,-0.306547118,0.47632638,0.151362126,0.048200226,-0.248788598,-0.053613984,-0.47690191,-0.091492539,-0.341205696,-0.274535901,-0.150504397,-0.273681754,-0.090362445,0.290830244,-0.00996069,0.073964236,-0.401179797,-0.397731207,-0.42510668,-0.3558407,-0.084297426,-0.204934634,0.126948452,0.318806095,-0.174570986,0.197440354,-0.1657329,-0.453391275
14,3,0,0,0,0,0,0,0,0,0,0,0,0,0,0,0,0,0,0,-0.280461717,0.019810457,-0.255132761,0.255291654,-0.208489499,-0.000216219,-0.009250848,-0.304877718,0.337415296,0.442066367,0.451778558,-0.499915712,0.094912066,0.466482662,0.042501312,-0.138554003,0.115688735,-0.129915044,-0.453824587,0.035617485,-0.482987964,-0.179149527,-0.369732765,0.454087882,-0.222602543,-0.369261368,0.356369714,0.467883409,0.029493578,0.104903885,0.14496117,0.242384468,0.060111134,0.431633299,-0.228365535,-0.479511173,0.452913125,0.264101471,-0.443612952,-0.106993302,-0.496381575,-0.44969133,0.461273276,-0.145178536,0.200656896,-0.208408355,0.334181773,0.283748226,-0.303949652,-0.247130074,0.027710824,0.056171408,0.291879426,0.209313842,-0.417923603,0.30944029,0.037032379,0.094394153,0.089698048,0.375650442,-0.432982238,0.41329618,0.25656876,-0.355163123,-0.173540934,-0.496544628,0.041725968,-0.432246199,-0.210525002,-0.339506105,0.091101763,-0.320686288,0.237485192,-0.196887827,-0.014258498,-0.086592517,0.067067224,-0.275488072,-0.403159529,-0.41177493,0.482326627,-0.429298719,0.081259592,0.268345404,-0.223172878,0.497555563,0.261142277,0.255762022,0.229465285,-0.011218852,0.309964735,-0.273340292,-0.073241583,0.065952859,-0.185186283,-0.485844157,0.08085154,-0.410430806,0.400896342,0.239368246,-0.361865242,0.036592636,0.189247474,-0.085929532,-0.332302021,-0.454783595,0.412311117,0.277842902,0.181936762,-0.358378372,-0.465466389,-0.008972366,-0.326541953,-0.093736886,0.216316482,0.381942443,-0.246979043,-0.101255195,0.419638774,-0.257291573,-0.157416187,-0.059380309,-0.117631168,0.182693823,-0.084385626,-0.145527655,0.0857468,-0.218024843,-0.21634401,0.475415779,-0.294269852,0.239365435,0.403728777,-0.312342733,0.373854872,0.380457075,0.125480488,-0.105937815,0.376976983,-0.219223657,-0.289912182,0.20066719,-0.302281319,0.367543914,0.334744848,0.190868615,-0.461344584,0.190685008,-0.352838757,-0.024465717,0.183240603,-0.400369182,0.253828624,0.235561544,-0.274824334,-0.172898624,-0.186100168,0.222426792,-0.154605726,0.464458535,0.167361254,0.150045624
15,1,0,0,0,0,0,0,0,0,0,0,0,0,0,0,0,0,0,0,0.432040246,-0.484633929,-0.348235298,0.09778633,0.423779793,-0.36460751,-0.043878784,0.4497525,-0.189500491,-0.195159593,-0.476355216,0.019474224,0.247902822,0.040484782,-0.353129635,0.351920832,0.233727916,-0.170948927,-0.00074371,0.256271097,0.25327174,-0.238837683,0.416716907,0.403151207,-0.269384739,0.359132956,0.280617789,-0.180927001,0.019406234,0.325385464,-0.139398948,0.328579628,0.033266374,0.390414318,0.451194849,0.431128238,0.450851473,-0.389879487,0.080496911,-0.244986491,-0.26569706,0.351987627,-0.017692351,0.104658489,0.472291187,0.317969884,-0.095075442,0.210373741,-0.199938553,-0.220890019,-0.319604231,-0.398792229,-0.141146182,-0.257196192,0.297365797,-0.448213283,0.435780767,0.038277003,0.008733504,-0.196936621,0.072705086,0.289237209,-0.237822604,-0.275329977,0.048873442,0.444813746,0.4671896,-0.226907714,-0.272978896,-0.039204412,0.30659595,-0.494844597,-0.193626082,-0.137173658,0.46362531,0.030336758,0.048435564,-0.218386442,0.267427408,-0.371806942,0.032657972,-0.372641568,-0.13947579,0.318713054,0.459054687,-0.13349012,0.0610158,0.453680696,0.443526901,0.378595813,0.130447921,-0.103843104,0.149133994,-0.395717265,-0.334915911,0.072961342,-0.037249911,0.147963154,-0.196089045,0.121559525,0.26151023,0.169068925,0.391041811,-0.491966545,-0.382840149,-0.214043284,-0.356730916,-0.133162115,0.058882588,0.324610842,0.255352325,0.40581733,-0.243607604,-0.428443605,-0.273785635,0.031482977,0.195036695,0.236274776,0.008554234,0.379821236,-0.406631624,-0.406938637,0.372471087,0.186929947,-0.038894707,-0.244335423,-0.369469932,-0.098448699,-0.188393001,0.240192659,-0.402714149,0.128093669,0.127959174,0.392674306,-0.149383458,0.394008831,-0.264532636,-0.102693358,-0.474693859,-0.1405864,-0.24417761,-0.060176671,0.001149636,-0.070381262,0.309410887,-0.322436941,-0.051559264,0.292751774,0.092205272,0.463718292,0.263038694,-0.315067173,-0.117621652,-0.212108571,-0.038704364,-0.315512627,0.429248966,0.128484915,0.111962894,0.054451781,-0.456624534,-0.135400489
16,1,0,0,0,0,0,0,0,0,0,0,0,0,0,0,0,0,0,0,0.357779626,-0.410847875,-0.458424499,0.066014025,-0.476215865,0.075909604,-0.495639234,0.369467685,0.222472954,-0.143050445,0.075736919,0.257865195,0.247770004,-0.430635891,-0.223470555,-0.113827231,-0.099647069,-0.047497285,0.012357222,0.143671782,0.206220468,0.142437354,0.136086852,-0.093114653,0.278470228,-0.377826628,0.072061014,0.420891364,-0.170907819,-0.035950209,0.125605762,0.448884104,0.063169555,-0.312703132,-0.313717545,0.250744951,-0.117785962,-0.041008315,-0.412939557,-0.408969017,0.486448677,0.490676217,-0.095951629,-0.164810969,0.097687876,-0.1743242,-0.027367824,-0.230049077,-0.374950869,0.273679216,0.355829292,0.079764036,-0.334932009,0.029415003,0.429379268,0.425760061,0.265872886,-0.488717615,0.145551954,-0.192836989,0.391913046,-0.32643168,0.403865559,0.337185881,0.001318129,-0.017594584,0.291867336,-0.263635702,0.09230447,-0.09910028,0.262841309,-0.264076773,-0.011871371,0.102879785,0.089767676,0.19217188,-0.488075106,0.227492717,0.176069951,0.040069977,-0.446650419,-0.201604377,-0.486353465,0.260007216,-0.151709769,-0.038434872,0.257394663,-0.203513989,-0.419015435,-0.055229862,-0.467104737,-0.149203698,-0.325270474,-0.390472657,-0.289861589,0.171919268,0.36294663,0.152881714,-0.038869949,-0.109204335,-0.173293938,-0.078371933,0.472931277,0.082742598,0.347897716,0.42561318,0.210142914,-0.39879891,-0.440926645,-0.020468868,-0.38794137,-0.196854655,-0.028430083,-0.035851767,0.069670738,-0.417617154,0.032860161,0.478167313,0.456424344,-0.358376917,-0.497837469,0.150964461,0.38407574,0.167591017,-0.059821937,0.10420475,0.221222183,0.02560963,-0.41559151,0.486867127,0.247031444,0.260974964,-0.174154949,-0.336518254,-0.383590369,0.084094696,-0.084096097,0.009406942,0.085307779,-0.375239655,0.414319627,0.359745754,-0.313922338,-0.431928669,0.239294695,0.470026183,-0.24725106,0.330427694,0.000538272,0.377042236,-0.125189728,-0.301343432,-0.416086219,0.29727632,-0.494461992,-0.161263834,-0.286749173,-0.331902744,0.067127466,0.28272921,0.440462709,0.123451321
17,2,0,0,0,0,0,0,0,0,0,0,0,0,0,0,0,0,0,0,0.479841801,-0.076563683,0.209446922,-0.398962666,0.096105549,0.185928453,0.3023316,0.40198015,0.042929945,0.403515495,0.108467613,-0.133209446,-0.032731605,0.002857089,-0.2428492,0.392922457,0.138861798,0.398819744,0.224395844,-0.200487398,-0.20615661,-0.485666959,0.06216849,-0.456089298,0.499834975,-0.426104014,0.405319286,0.012381356,0.18947601,0.27153307,-0.112952584,0.043883276,0.344289249,-0.415101934,-0.461940306,0.001103908,-0.385503523,0.396872103,-0.342324875,0.076951464,-0.067140417,-0.305599421,0.026962206,0.117479801,-0.078167389,0.441462529,-0.31541909,0.05374471,0.103271999,0.268964113,-0.194661458,0.065364135,0.098662254,-0.111003625,0.009553489,-0.152422416,-0.344723826,-0.375704222,-0.311842431,-0.178625733,-0.05010079,-0.354105047,-0.34594684,-0.187217853,0.206708198,0.432848606,-0.375422548,-0.367316007,0.219606577,-0.392430873,-0.296987841,0.112549886,-0.108222253,-0.341296277,0.15891265,0.494248889,0.396430924,0.140634294,0.407616835,-0.366373638,0.022672803,-0.265420973,0.158629739,0.257806412,0.199151243,0.070923609,0.24066564,-0.484797192,-0.414423706,0.445807968,-0.382034062,0.274994864,0.488436473,-0.482856659,-0.411903565,0.069348269,0.192187837,-0.26386759,0.095763805,0.226934573,0.100905121,-0.33998587,-0.48972287,-0.379674116,-0.142155147,0.400153095,0.096116032,-0.457384587,-0.148418846,0.28674167,-0.243346909,-0.459862609,-0.272663612,0.377281694,0.450414057,-0.441566065,-0.299160808,-0.299339057,-0.03265468,-0.492360853,-0.380496445,0.112037962,-0.490605798,0.321224586,-0.168066292,0.335897342,-0.254706903,-0.231425979,0.011720443,0.195535939,-0.296224784,-0.312872137,0.135205109,0.166888853,0.032534726,-0.076137794,-0.164650908,0.253002809,-0.21791925,0.118639917,0.34505691,-0.247387477,-0.025779764,-0.476504695,0.203262326,-0.207825707,-0.215759299,0.332186994,-0.174202248,-0.494640372,0.203949855,0.493377101,-0.05947178,0.477410084,-0.440434863,-0.301431522,-0.247558195,-0.4760974,0.234031789,0.172454844,-0.460650036,0.044373576
18,2,0,0,0,0,0,0,0,0,0,0,0,0,0,0,0,0,0,0,0.387684495,0.048612404,0.182561433,0.080898068,0.384253236,0.487484861,-0.090645161,-0.179881077,0.011049864,0.286387062,0.265285899,-0.395630738,0.432758348,-0.457223804,0.044325994,-0.436570124,0.137586992,-0.037687437,-0.416460196,-0.256888063,-0.07737307,-0.347744094,0.476470947,0.090253562,0.222098001,-0.291484054,0.375614926,-0.144132776,-0.192252599,-0.408799905,0.139320381,-0.100926436,0.085004305,0.188773894,0.132169547,0.014105514,-0.128421904,-0.405025952,0.01035116,-0.238934671,-0.322975393,-0.034613616,-0.185251556,0.358264741,0.102390511,0.382125465,-0.345572945,-0.010121651,0.048381705,0.435325303,-0.308082074,0.397287078,-0.041411951,0.229174444,-0.460848739,-0.14411157,0.331131849,-0.26199812,-0.460890889,-0.408702191,0.20769447,-0.125555941,-0.256775871,0.359763931,0.293210453,0.286996217,-0.301736198,0.307269888,-0.227394748,-0.221724903,0.428900188,0.330189657,-0.227212186,0.328093275,0.243375843,-0.012481787,-0.23130392,0.016968959,0.199637883,-0.43940761,0.051528617,-0.32403147,0.24802279,0.120867171,-0.33461805,-0.162197755,0.214036019,0.449711477,-0.02465088,-0.468132541,-0.099019414,0.356335281,0.255720673,-0.347543175,-0.322849423,0.360858447,0.381265485,0.034622294,-0.033984158,-0.150819308,-0.132345387,-0.003790594,0.080285577,-0.335290691,0.1389273,-0.052650026,-0.168051094,-0.320848715,0.000484372,-0.269776178,0.310351926,0.180473372,-0.134570141,-0.367824956,0.149081715,-0.069216871,0.320168074,-0.485709671,0.499887817,0.480282183,0.121998917,0.215321195,-0.201915736,-0.224409131,-0.302959787,0.327355319,0.23883444,0.271642595,-0.348858017,-0.405084928,-0.312566831,-0.354005776,-0.280456512,-0.436814597,-0.480839027,-0.177202652,-0.037140612,-0.306153551,-0.374503748,0.340823833,-0.132432125,-0.0214906,-0.466567696,0.145837282,0.328509354,0.110028164,0.263356953,-0.347749377,0.278989992,-0.479017795,0.19841343,0.402408619,-0.009079416,0.066399757,-0.145527807,-0.146017913,-0.20699273,-0.185685905,0.024804248,-0.253140595,0.149346128,0.313018449
19,2,0,0,0,0,0,0,0,0,0,0,0,0,0,0,0,0,0,0,0.327257455,0.140569537,-0.29613993,-0.172090581,-0.29580161,-0.428331585,0.027852263,0.383581364,-0.083307073,-0.142330064,0.408535813,0.00835825,-0.465639951,-0.129999271,0.085736346,0.358722623,0.351044233,0.113106043,-0.117951174,-0.099875199,-0.446087742,0.180233492,0.178567066,0.03842901,0.33979194,0.108568571,-0.336110504,0.032776385,0.007530739,0.327295486,0.228441003,0.175918221,-0.141136927,0.281804329,-0.210763226,-0.397903314,-0.487263286,-0.074335351,-0.287950551,0.175323003,0.479258663,0.099133845,-0.151472432,0.222427023,0.04938269,0.358866839,0.025148721,0.405525463,-0.264828872,0.088142416,0.108976691,-0.222420629,-0.357075271,-0.299680063,-0.467971684,0.032484905,0.277685098,0.450388136,0.381641314,0.147665011,0.362575335,-0.209633047,-0.141429796,0.022402979,0.310155459,0.343970923,0.067623783,0.339182246,0.005430102,0.434341731,-0.262506725,-0.28192982,-0.448643511,-0.324194142,-0.432993905,0.295707434,-0.412337349,0.436511138,0.46437653,0.140737117,-0.277504421,-0.006554702,-0.015889859,0.416532527,-0.486119162,-0.065262433,-0.226945157,-0.080145594,0.304185631,-0.18370736,-0.18732246,-0.439406668,0.045738525,0.250705318,-0.311018905,-0.496974859,0.059469606,0.496052141,0.034562415,0.063031913,0.44089639,0.220554709,-0.330851762,0.048513292,-0.431009007,0.446258349,-0.184468695,0.041737183,-0.116574344,-0.279232397,0.087165359,0.15265216,-0.225595759,0.330728817,-0.26823636,0.021206997,0.076748443,-0.145851627,-0.127918933,0.314496465,0.276118457,-0.449216116,0.210646657,-0.348923885,0.120208398,0.010743454,-0.140451644,-0.209938234,-0.118531549,0.121077319,-0.380541418,0.046653203,0.040365621,-0.231456056,0.163924543,0.238495061,-0.350593097,-0.226118394,0.185533645,0.028810903,0.098109229,0.348814533,-0.370100147,0.312520385,0.427810963,-0.1183285,-0.318497084,0.290572753,-0.257318189,0.090892643,0.172248737,0.095502923,-0.370502324,-0.462150342,-0.440795674,0.267740589,-0.166290999,0.161301551,-0.437702605,0.037475544,-0.256958613,-0.114541786
20,2,0,0,0,0,0,0,0,0,0,0,0,0,0,0,0,0,0,0,-0.034143803,0.240906203,-0.497671632,0.462021169,-0.030298612,-0.207528339,-0.175512571,-0.466280142,-0.173912579,-0.053808925,-0.227488979,0.452760483,0.318127041,0.109507682,-0.033944762,-0.347747737,-0.076581515,-0.277942171,-0.186330008,0.352074949,0.263430474,-0.320440553,0.4879252,0.082799597,-0.335213124,-0.03046274,0.445648773,-0.067827009,0.352927812,-0.409124195,0.349202616,-0.44167509,-0.038289285,0.453214638,0.267184298,-0.127744742,-0.325649421,-0.205026465,0.024152758,-0.13069284,0.411684235,-0.279680976,-0.47106259,0.385230193,0.053079896,-0.26434303,-0.160199388,-0.432913634,-0.286601006,-0.334740684,-0.377814713,-0.41735,-0.393746921,0.043406516,-0.479010881,-0.455898879,-0.000615401,0.016950933,-0.195730969,-0.207289594,0.212336734,-0.052520653,0.438989622,-0.419138204,-0.480337574,0.276276701,-0.468109523,-0.203841732,0.204759854,-0.191933611,-0.190241518,-0.300496697,-0.139993508,0.381025754,-0.476648241,-0.305049422,0.348200662,-0.079150811,-0.162066842,-0.086238684,-0.371595185,0.125654262,0.420831719,-0.121491329,-0.093878935,0.496300322,-0.447337894,-0.284784532,0.293315337,0.113211624,-0.326207598,0.302411462,0.358142415,0.466071421,-0.168638349,0.385643505,-0.392689979,-0.233223953,0.01460991,0.044371361,0.075856345,-0.481187876,-0.142506037,-0.024670127,-0.200299198,-0.322256985,-0.352476979,-0.147663407,0.015664368,-0.482235866,0.008459849,-0.462827162,0.471741261,0.318310621,0.021993384,0.149563892,0.237240037,0.202473669,-0.08030009,-0.043566521,-0.122002198,-0.104494534,-0.188428797,-0.288495078,-0.193792481,-0.173033353,0.221098059,0.465970777,0.027483922,-0.125907317,0.469359954,-0.020649282,0.389630011,0.13672975,0.191780923,-0.313193981,-0.21184861,0.445714097,0.481174051,-0.274922719,-0.397097792,-0.163158485,0.329407079,-0.216139281,-0.071667752,-0.028401759,0.187482949,-0.467163423,-0.083359788,0.453597018,-0.419960237,0.076711648,-0.221274879,0.176185735,-0.204764056,0.311536528,-0.317837343,0.241970033,-0.275303143,0.195206532,-0.051480207,-0.380986046
21,1,0,0,0,0,0,0,0,0,0,0,0,0,0,0,0,0,0,0,-0.049339294,-0.196546494,-0.415842895,-0.458743634,0.16867172,-0.380215469,0.279253562,-0.277795085,-0.005869916,-0.196278451,-0.42087493,-0.26875817,0.129719018,0.196344935,-0.030006443,0.380899723,-0.231809912,-0.444458359,0.128199717,-0.308760693,-0.028801191,-0.034491981,-0.442561821,-0.066016354,-0.400156279,-0.464045078,0.282929764,0.414337823,0.176273023,0.396111679,0.18453194,0.02244546,-0.171816471,-0.402976207,-0.067376435,0.179207994,0.20924789,-0.137212304,0.34118717,-0.38728518,-0.00153278,0.177264283,0.271846839,0.431807266,0.260156128,-0.042538639,0.010706393,0.212321383,-0.40627008,0.048173775,0.296668181,0.279328953,-0.381327449,-0.025381868,-0.094500929,0.055219444,-0.074973284,-0.189302374,-0.111754385,0.248738402,0.173457067,-0.339818885,0.225686798,-0.215877984,-0.448600663,0.106478475,-0.207651482,-0.287759345,0.283018568,0.063843305,0.124189998,-0.09281236,0.350660774,0.258732128,-0.446592033,0.132022758,0.014193549,0.084697899,-0.188109292,0.056404195,0.112091381,-0.192406414,0.211690034,0.026614786,0.494333327,0.050010935,-0.013535356,-0.174986748,0.272140546,0.154776954,0.322185164,0.311213381,-0.126706617,0.416979685,0.018476278,-0.288681482,0.164227268,0.28239325,-0.396192374,0.414311273,0.141318834,0.437320486,0.0783312,0.446222486,-0.096266187,0.260769551,0.277498788,0.322976764,-0.20108048,0.374530283,0.13767883,-0.268165224,-0.220714221,0.010113368,-0.098171918,0.459127006,0.124828647,-0.38633519,-0.471140224,0.16849599,-0.228587248,-0.469134031,0.264685036,0.039138419,-0.461861296,-0.246521979,0.495991329,-0.102439031,-0.430317116,-0.432411434,-0.360343391,0.319138472,0.300708314,-0.479234222,-0.078715214,0.237284874,0.209405483,0.42122469,0.465683089,-0.121677667,-0.444066104,0.096758071,0.160188613,0.339156227,0.198995136,0.374583099,0.258586812,-0.157361992,0.449979782,0.195403383,-0.331049072,-0.357979586,-0.24090874,-0.054115609,0.313066982,-0.298815867,-0.168439441,-0.016611374,-0.141804765,-0.34866263,-0.455473222,-0.064784566
22,3,0,0,0,0,0,0,0,0,0,0,0,0,0,0,0,0,0,0,-0.496245362,0.117663755,-0.223630531,-0.318261082,0.356103022,0.320917493,-0.029760446,-0.021264667,0.243921436,-0.110762024,-0.067753491,0.43884065,-0.385202853,0.06447919,0.012220664,0.07547644,0.410435927,-0.044876515,0.431180067,-0.185268452,-0.456480452,0.174371916,0.10459276,0.301584571,-0.206438745,0.107277181,-0.13576429,-0.033498337,-0.397802839,0.174808648,-0.496087112,-0.323158418,0.380187782,-0.194487823,-0.434493881,0.3746489,-0.461010108,0.386951236,0.241792771,-0.101685162,-0.470905353,0.249388651,0.201175641,-0.29976699,-0.294585943,-0.266807376,-0.46306884,0.405976579,-0.153166266,-0.390776747,0.409793368,0.112671348,-0.367364518,-0.442020409,0.287651188,-0.004862647,0.322830119,0.068561032,-0.010151439,0.178020988,0.302525565,-0.007480374,0.016037019,-0.059462816,0.032292469,0.080453549,-0.119258162,0.147589904,0.297074507,0.140716083,0.384763346,0.346938131,0.465527259,-0.010113358,-0.06675358,0.236721803,-0.240245017,0.113674952,0.157711566,0.191062225,0.292250586,-0.075297783,0.215552611,0.233598022,-0.147569525,-0.309872911,0.225466141,0.269718156,0.119491232,-0.39264294,0.350989609,-0.472099906,0.141401598,0.130109947,0.066785268,0.018960901,-0.448321155,0.489863155,0.133518414,0.399177115,0.096184531,0.419252106,-0.232860595,-0.080872503,-0.388489079,0.364252582,0.417089339,0.154761329,-0.36538507,-0.028995242,0.465411231,-0.049406533,0.330192334,0.350911313,0.024958044,0.457075789,0.3978715,-0.435836407,-0.150148706,0.315092783,0.065641075,-0.082874685,0.175053923,-0.069822058,0.189012569,0.043024992,0.074382422,0.387445829,-0.142745695,0.32818276,-0.332505703,-0.11461721,-0.241380328,0.057520341,0.216347306,-0.387461276,-0.12417212,-0.316623767,-0.169661377,-0.244190735,-0.128858132,-0.129328039,0.146792498,-0.187602158,-0.222776227,0.43924845,-0.030324122,-0.42030613,0.335534357,0.010714749,0.434382927,0.118203335,-0.48162148,0.072425612,-0.179860527,-0.377684964,0.433785382,0.295226885,-0.345959565,0.492085384,-0.055753105,0.284381664
23,3,0,0,0,0,0,0,0,0,0,0,0,0,0,0,0,0,0,0,0.241942974,-0.023627842,-0.069074875,-0.495386248,0.221400248,-0.446453158,0.204274386,-0.099522376,0.160530661,-0.269337135,-0.399889973,-0.267711414,-0.375820981,0.175356169,-0.193007934,0.36561943,0.494936572,0.046902488,-0.053623055,0.188893582,-0.328451757,0.063754308,-0.128671947,0.488878357,-0.429054271,0.234529285,-0.437340005,-0.012094717,0.132606847,0.287819281,-0.116771266,-0.160582554,0.265151503,-0.336660671,0.301664896,0.189968175,-0.114953361,0.472832199,0.01618405,-0.053932148,-0.123997454,0.103794667,0.197193425,0.133299757,0.44510433,0.122488531,-0.175749857,0.202898915,0.467933328,-0.165151363,-0.181487228,-0.172488545,0.499893875,0.28479841,-0.133836642,0.133125592,0.184671958,-0.390868106,0.491362818,-0.061811463,-0.186786777,-0.473480551,-0.430860521,0.413697041,-0.222181139,0.315343237,-0.430804639,-0.360426743,-0.374081512,-0.069033678,0.390951518,-0.187089925,0.346790338,-0.072311406,-0.311760779,0.362694654,0.421960135,-0.415959816,0.088880211,-0.056608665,0.036220527,0.082212168,-0.310015533,0.21628902,-0.318825642,-0.23667754,-0.345869248,0.482791823,0.186915708,0.369863431,-0.355319864,-0.392145611,-0.010076418,-0.204924017,0.220309722,0.264537611,0.186454444,0.186143628,0.159438694,0.34218335,-0.369320143,0.293997887,0.004555624,0.390980402,0.01552768,-0.272824195,-0.095458778,0.224717435,-0.478355103,0.250567543,0.089917133,0.27129182,0.236112163,0.472041706,0.041537058,-0.052932878,0.127500467,0.180833461,-0.392427434,0.23644502,-0.082428756,0.241229646,-0.013268366,-0.217958904,-0.287617126,0.303483067,-0.372515515,0.13362751,-0.253223564,-0.328963066,-0.30634379,0.365528528,0.056175374,0.459038678,-0.183916965,0.052428888,0.318344104,-0.306229346,0.388113292,-0.407421883,-0.494787853,0.236024036,-0.330428088,0.085147177,0.351080304,0.363590503,0.439391528,0.405017763,-0.021512291,-0.481055565,-0.118549409,-0.226442486,0.326728006,0.117837488,-0.198756248,-0.002041725,0.30046535,0.422924862,0.152846562,-0.355512779,-0.20288965,0.313692256
24,2,0,0,0,0,0,0,0,0,0,0,0,0,0,0,0,0,0,0,0.206221899,-0.277474538,-0.018421435,0.329849438,-0.495748439,-0.013459539,0.355763577,-0.369993378,0.046962818,-0.28783635,0.317518982,0.490846127,-0.102744891,-0.229683204,0.020153476,-0.325847562,-0.37198174,0.009854993,0.428404776,0.409960401,-0.275130433,0.364467054,-0.479430932,-0.116269009,0.221823112,-0.27640215,-0.391076931,-0.026138374,0.479040132,0.44993029,-0.258212602,-0.437012771,0.112395825,0.487488372,0.11054039,0.042425931,-0.346066297,0.284695794,0.313602831,-0.356227699,-0.439635901,0.255748716,0.226874524,-0.034960769,-0.306399741,0.22143362,0.096315101,-0.489102031,0.372910329,0.207045932,0.303321967,0.237464287,-0.457399434,0.130337551,0.057269477,-0.018272775,-0.487769924,0.286445008,0.042034303,0.264115418,0.108193991,0.12952426,-0.215457137,0.279844119,-0.073902415,-0.337660054,0.223337602,-0.059415246,-0.307320014,-0.224667658,-0.36613013,-0.407352762,-0.46586818,0.125706726,-0.285311707,-0.4787364,0.204487314,-0.385134998,0.254902065,-0.447289958,0.05335714,0.209021647,0.388259634,-0.013097127,-0.293395546,-0.246879876,-0.007105219,-0.267247753,0.096652018,-0.447810855,0.31825196,-0.123043833,-0.389054915,-0.162948441,0.411914718,-0.005934456,-0.272320344,-0.207177647,0.379021199,0.301549362,-0.422757558,-0.391094824,-0.064337619,0.278237963,0.405894444,0.008220754,0.115118706,-0.402079663,-0.074933879,-0.068826245,0.352002923,0.182020048,0.005217768,0.486388096,-0.495663447,-0.153827227,0.117555315,-0.064485866,-0.322700587,0.405177041,0.339976887,0.353434764,-0.015147941,0.209187619,-0.374537983,-0.302029421,-0.373358131,-0.088829407,0.381701004,0.334708107,-0.132435052,-0.188464023,0.230098098,-0.407151974,-0.313933805,0.390513884,0.100367758,-0.323005501,0.004721473,-0.377762733,-0.426220184,0.227579,-0.467143412,0.366643687,-0.386305681,0.009137044,0.335918512,-0.443793678,-0.483636107,-0.389072113,0.300025218,0.034153398,0.078066602,-0.331587557,-0.317417918,-0.240766781,-0.393531653,-0.043123542,-0.068937294,-0.330769339,-0.49529963,-0.229989036
25,1,0,0,0,0,0,0,0,0,0,0,0,0,0,0,0,0,0,0,-0.087986321,-0.208660457,-0.274027731,0.276534144,-0.378946302,0.202143227,0.434628165,0.046963141,0.342098038,0.173354936,-0.283611701,-0.339582835,0.090250596,0.291617035,0.156105523,0.237857056,0.007766554,-0.488442481,-0.454298924,-0.096560204,0.186199754,-0.009050041,-0.101969563,-0.450310236,0.160309594,0.165222026,0.324266108,-0.125037901,0.060513532,-0.154294571,0.182969736,0.473197023,0.120631819,0.171919603,0.228362222,-0.213762727,-0.083617714,0.012828976,0.273386211,-0.021995575,0.357544061,-0.104587499,0.139991611,0.257602846,0.072919575,-0.258967635,0.394660065,-0.135055611,0.412185584,-0.389012042,-0.438478772,-0.162240825,-0.157565179,0.302288073,0.168498585,-0.197117724,0.039670441,-0.006925221,0.113759279,0.377479094,0.466726977,0.214278774,0.440327873,0.327395479,-0.310948174,0.219986317,-0.323939626,0.410092576,0.108492805,0.343644833,0.434260045,-0.171350595,0.192697795,0.160633645,-0.022946579,0.441089877,-0.356056277,0.229874183,-0.080769963,0.305814011,0.286172717,-0.141947182,0.194585716,-0.200812763,-0.24727509,-0.280322239,-0.180104531,0.415364376,0.3297174,0.274589696,-0.126522919,0.451198639,-0.448769586,-0.248305241,0.455893602,0.090609685,0.352422573,0.013586346,0.219677851,-0.066942468,-0.234592054,-0.118628899,0.343048758,-0.240206431,0.290188583,0.482412644,-0.420575511,0.299332069,0.189147244,-0.114144957,0.240124401,-0.059889647,0.038565723,-0.288313241,-0.338013636,-0.256421959,-0.075654425,-0.461246405,-0.125286754,-0.265019711,-0.308431538,-0.204471553,-0.185402404,0.291872532,-0.351255557,0.394593478,-0.468140648,-0.488071981,0.087557854,-0.332311192,0.408167983,-0.278127017,-0.092369231,0.172830672,0.439005905,-0.211592367,-0.466714768,-0.321599877,0.142366051,-0.390255615,0.175496733,0.081251625,-0.369137556,0.102918463,0.327191487,0.186789828,-0.171331253,0.15729936,0.18375193,0.168610746,-0.272214769,0.398755004,0.453055374,0.133702185,-0.040028904,0.201694035,-0.239418687,-0.453652873,-0.188735407,0.19773485,-0.43491522,0.309771211
26,2,0,0,0,0,0,0,0,0,0,0,0,0,0,0,0,0,0,0,0.125349574,-0.439976062,0.179043017,0.069224948,0.330112929,-0.408751431,0.13554449,-0.216410889,0.078573216,-0.388836324,-0.240500303,-0.185259433,-0.279052852,-0.174025156,0.386014433,-0.295186503,0.018955837,-0.232806257,0.222477045,0.451140837,0.176559328,0.011605202,0.373371999,0.447057346,0.393143449,0.236758816,0.038043325,0.333895814,-0.254230794,0.227921544,0.351592176,-0.194594588,0.276430517,0.232700624,-0.232196323,-0.079530228,-0.30164744,0.05857048,0.280459466,-0.286598981,0.142198538,-0.473690331,0.145602897,-0.156765581,-0.161361309,0.32887832,0.102284991,-0.305653525,-0.421928744,0.000539323,0.393030393,-0.269632062,0.201371449,-0.424949816,0.157722808,0.011761643,0.257379708,-0.395473999,0.015821353,-0.385416473,0.31342703,-0.477902785,-0.138220858,0.23384352,0.224531076,-0.138240627,0.077247381,-0.480468641,-0.045017734,-0.402164363,-0.488891881,-0.323228624,0.302875329,-0.165753952,-0.305409166,-0.436282354,0.103727829,0.260301145,-0.156312032,-0.058299251,0.18366284,0.195010811,0.254796297,-0.328215567,0.495719043,-0.334077166,-0.278028676,-0.489709951,-0.495312669,-0.188721044,-0.404606827,-0.267005851,-0.013540869,-0.044200112,0.060603374,0.113603801,-0.02279252,-0.009316465,0.146782768,-0.203237693,-0.354192223,0.18742526,-0.130198391,0.339236012,0.369741168,0.292841159,-0.218015779,-0.354917502,0.270309391,-0.310800226,0.035491054,-0.308502577,-0.092674009,-0.44135956,-0.130067586,-0.16831298,-0.253465612,0.365080512,0.207288497,0.069510672,0.394839821,-0.440413677,-0.22157803,0.027787289,0.449027406,0.226707225,-0.084570371,0.378056792,0.12297519,0.419544442,-0.177208977,0.264237392,-0.393543642,0.180350599,-0.212267205,-0.263983155,0.365461293,-0.288770842,0.406438354,0.409964952,0.319555722,-0.153974095,0.487693229,0.497252792,0.026127171,-0.12022107,-0.150731959,-0.023487376,-0.335541857,-0.063883942,-0.255198797,0.048770752,-0.255599943,0.395762908,0.150154804,0.088534294,0.065007979,0.470847669,-0.401821821,0.101010954,-0.48216749,-0.210037639
27,2,0,0,0,0,0,0,0,0,0,0,0,0,0,0,0,0,0,0,-0.32047577,0.210089641,-0.132349623,-0.142036211,-0.275375332,-0.064892141,-0.349747926,0.472270745,-0.451858412,-0.0334193,-0.197510002,-0.386062639,0.472173186,-0.178035868,-0.415872707,-0.012943698,0.148202691,0.152174307,-0.235887237,0.254068683,-0.029759385,-0.422017511,-0.074256249,0.107330678,0.11282093,-0.237445846,0.095764551,-0.37118879,0.437473304,-0.027701095,-0.278216127,-0.079932581,-0.309996073,-0.357153807,0.310480721,-0.266331136,-0.441621238,0.450361037,-0.204095559,-0.19498566,0.277213769,0.090561031,-0.067240148,-0.229990933,-0.450162192,0.388695749,-0.296094775,-0.040656989,-0.387395526,-0.496602724,-0.10562413,-0.015865102,0.28859075,-0.154290877,-0.383917127,-0.129520396,-0.13096962,-0.08825052,-0.332078069,-0.438039607,-0.379208405,-0.476636904,0.18536338,-0.110539464,-0.353080599,-0.014235735,0.07168017,-0.39336743,-0.275276383,0.404572301,0.209807274,-0.192843201,-0.387895321,-0.143211205,0.429410652,-0.023556032,0.147770552,0.281164854,-0.351918832,0.085710696,0.274708501,-0.15694523,-0.481346196,-0.489620511,-0.111263201,0.137250748,0.296489148,0.14752872,0.155172286,-0.080557667,0.491139467,-0.081358694,-0.353389511,0.102841955,0.186158174,-0.125825645,0.333526214,-0.478832908,-0.301103115,0.365495434,0.10686318,0.442567462,-0.491029068,0.217504465,0.127992407,0.021234333,0.109659018,-0.478216062,-0.113620052,-0.205672501,-0.369159934,-0.424606796,0.399015382,-0.028496028,-0.254845054,-0.385553569,-0.491886398,-0.377269638,-0.499082619,0.334386945,-0.275186619,-0.052789695,0.325884403,-0.24960561,-0.473443297,-0.39784429,-0.484668075,-0.268365815,0.444544624,-0.415220158,0.055967898,-0.457917384,-0.324874684,0.394288116,-0.355949383,-0.061565886,0.315181934,0.152791407,0.23166625,-0.187879176,-0.343451979,0.034964589,0.379455172,0.017747579,0.278189616,-0.254077995,0.107163234,-0.095730198,-0.052645901,-0.104820302,-0.184770965,0.15801409,-0.417903608,-0.058277662,0.201205421,-0.121834482,-0.262445357,-0.068907634,-0.085851715,0.335618966,0.257058003,-0.489934439
28,3,0,0,0,0,0,0,0,0,0,0,0,0,0,0,0,0,0,0,-0.02180758,-0.384885122,-0.123389826,-0.312122356,-0.226630148,0.308353849,-0.312496599,-0.484886815,-0.412688275,-0.387692798,0.446778648,0.272267685,0.445811343,-0.407785138,-0.221041916,-0.100358114,0.093311573,-0.007215195,0.334937764,0.258625211,-0.373784444,-0.176118224,-0.034861456,0.391574784,0.382506007,0.008516828,-0.076025153,0.243393594,0.260494189,-0.33877784,0.051411313,0.322561142,-0.3223946,0.063919548,-0.225161393,-0.487232889,-0.113056116,0.124164022,-0.359289348,-0.301551898,0.344966405,0.037167486,-0.079653863,0.038425122,0.267928527,0.028281172,-0.361991575,-0.388511666,0.427855279,0.426638604,0.141839012,-0.233825938,-0.379378168,-0.08656561,0.079429919,-0.165872827,0.089317945,-0.400162308,0.349782427,-0.08765921,-0.494596492,-0.380187305,0.282109495,0.184213219,-0.101749166,0.172141395,-0.060599254,-0.267238815,0.18050315,0.413718226,0.06087967,0.00147586,-0.357733776,0.292708781,-0.257556471,-0.020792239,-0.018514698,0.315438546,-0.492112494,-0.174886123,0.10094548,0.364901305,-0.053824307,0.008099952,0.034169718,0.031549951,-0.418768047,0.112338337,-0.036925331,0.478555709,0.100685507,0.256340826,0.359580299,-0.356004016,0.498715951,-0.412285871,-0.178544604,-0.418546387,0.085604236,-0.450875906,0.179516675,-0.041715758,-0.317193073,-0.436856646,-0.071114466,0.167331851,-0.342668884,0.454555041,-0.018657884,0.163145907,-0.247100144,0.318334656,0.148902636,0.007776934,-0.052142533,-0.350070859,-0.349418684,0.20400116,-0.18902414,0.381602201,0.284884779,0.20534751,0.036283674,0.014512185,-0.270077681,0.022574722,0.016750922,0.300837854,-0.278898319,-0.404731267,0.464122894,-0.086334362,-0.386784404,-0.434995128,0.198407954,0.244500537,0.059310537,0.27304205,0.315484911,-0.110839085,0.233064881,0.210790015,-0.004993903,-0.47753355,0.184489892,-0.224685704,0.233234274,-0.279473654,-0.449397407,0.024916232,-0.223338983,-0.133416217,-0.056694533,0.191349867,0.492216388,-0.427729262,-0.093955542,-0.014490039,0.338590055,0.060775918,0.368901716,0.2324496
29,3,0,0,0,0,0,0,0,0,0,0,0,0,0,0,0,0,0,0,0.00064492,-0.308173029,0.038616498,0.08935901,0.115115669,0.260536487,0.135612759,0.036660199,-0.149255086,-0.126940298,0.334448339,-0.012353599,0.409721381,0.091660547,-0.322813451,0.236117954,-0.210255185,-0.349819282,-0.388973363,-0.445760061,-0.112746516,0.368055168,0.152115948,-0.435629509,-0.267688581,-0.063084205,0.496802217,-0.461118082,0.324362628,0.018473384,0.189670456,0.031020266,0.185521523,-0.424233344,0.214544904,0.207622474,0.364278846,-0.437984759,0.10022243,0.441033643,0.207463796,0.012212137,0.327039573,-0.37715971,-0.227986134,0.222239758,-0.016538478,-0.213940827,0.270564862,0.058691736,-0.246282747,-0.034805599,0.436084417,-0.480268631,-0.081909158,-0.214900986,0.150733332,0.463215953,0.11681506,0.049851034,0.112850206,-0.067035246,0.166599101,-0.398123064,-0.286584748,-0.252553413,0.225658711,-0.060670979,-0.34043943,-0.032688225,0.078701977,-0.483752916,0.217655105,-0.470908787,0.25766132,0.305307535,0.252203063,-0.277965728,0.127046719,0.076986892,-0.490744158,0.293455151,-0.05536771,-0.0582598,-0.165751573,-0.204893723,0.258773712,0.013317971,0.224131873,0.328995105,-0.177010104,-0.418381131,-0.207615019,0.115709901,0.496528684,-0.067501076,-0.127051518,0.291717901,0.356471597,-0.080268814,-0.39466333,0.044247948,0.472519415,-0.41916642,0.428141878,-0.386731809,0.489935537,0.493755572,-0.038141618,-0.170282387,0.329210551,0.195438526,-0.215586787,-0.282451034,-0.057152848,-0.17396284,-0.405997867,0.264288679,0.17025039,0.224113671,0.213790407,-0.239281645,0.301044562,-0.021611037,-0.178251884,0.124930054,-0.004776665,0.440659585,-0.313648199,0.359406892,-0.284623479,0.422261393,-0.444905859,-0.258071594,-0.198178173,0.232985441,-0.322295015,-0.478001512,-0.234193251,-0.123375641,0.249697493,-0.215857334,0.289031327,-0.408648951,-0.165685186,-0.252180723,-0.200421825,-0.484094604,0.06216256,0.100838081,0.344922548,0.074087146,-0.382225591,0.009077924,-0.197968853,-0.299672104,0.201068386,0.209943641,0.252643897,-0.221862753,-0.200887472,0.080401024
30,3,0,0,0,0,0,0,0,0,0,0,0,0,0,0,0,0,0,0,-0.391330905,0.13099267,0.219829607,-0.227423483,0.298208724,0.091765201,0.424231549,0.430807627,0.017065534,0.082047271,-0.252515207,0.143677482,0.213670722,-0.243228091,-0.378430514,-0.357033617,0.107206135,0.112286208,-0.096494491,-0.161399237,-0.36071899,-0.482434827,0.373079823,0.074579133,-0.17114043,0.40852613,0.392720444,-0.494497637,-0.461778824,0.384426157,0.119623039,0.226734788,-0.335428936,-0.336900229,0.026447737,-0.256629587,0.247505634,0.28831653,-0.178136512,0.034077192,-0.073128064,0.13781215,0.165929826,-0.144458707,-0.40135287,-0.345430091,-0.152234637,0.0416305,-0.001700444,0.316702969,0.334164108,0.378545584,0.291679248,0.172811085,-0.192218393,0.183126297,-0.427179085,0.299959015,-0.007776651,-0.02387299,0.456129583,-0.20955263,0.208829363,-0.37432426,-0.292746304,-0.158679993,0.226159661,0.03827874,0.082537363,-0.29292482,-0.451854153,-0.104369239,0.241278932,-0.31867795,-0.159414225,0.075140474,-0.241890791,-0.102853902,0.218118357,0.250477907,-0.105361642,-0.421277824,0.10502716,-0.254399949,-0.109893207,0.438235766,0.343182035,0.011608715,0.100110848,0.192447656,0.149138953,0.110443424,0.350560393,-0.327740219,0.419879423,0.322810307,0.3808613,-0.283585796,-0.247118522,0.449896754,0.225901569,-0.023020039,0.381175307,-0.450680209,-0.169244164,-0.080443593,0.02774781,-0.264595628,0.105109248,-0.324855099,0.456120593,0.282286729,0.006237071,-0.006585724,0.23513761,-0.404513863,0.089962759,0.358608625,-0.054040761,-0.336513436,0.288353185,0.359619955,-0.2620296,0.365518505,0.460995272,-0.345229012,-0.212228354,0.495129781,-0.47646542,0.339627737,-0.16836741,-0.438717757,-0.317257921,0.21268358,-0.473251454,0.349609677,-0.498288248,0.339031747,-0.049648411,-0.133878651,0.18187669,0.436164855,0.068188848,-0.35596703,-0.419631571,-0.051185311,0.495090995,0.471556359,0.081829134,0.241268489,0.330315609,0.394376859,-0.486876797,0.11587141,0.279060504,0.361196073,-0.172520279,-0.134551741,-0.330996701,0.114116366,0.291434088,0.285151266
31,3,0,0,0,0,0,0,0,0,0,0,0,0,0,0,0,0,0,0,0.336934297,-0.122208657,0.383522465,-0.494236321,-0.304489244,0.072165539,-0.441980975,0.165762828,-0.4061283,-0.336725319,0.440091456,0.313469651,-0.141686986,-0.125023608,-0.099413303,-0.476615328,-0.359566113,-0.188370448,-0.190755653,0.022334527,-0.089873769,0.087639351,0.08447116,0.151326167,-0.390509824,-0.175567164,-0.054103518,0.238029446,0.131218954,0.358828921,0.032763731,-0.0774181,-0.098791974,-0.291085379,0.276799366,0.165933719,-0.069895978,0.264438264,0.112536624,-0.424776568,0.252220041,0.308378531,-0.228842593,0.304699088,0.192704492,-0.165253502,0.035751242,-0.366527674,0.395062271,-0.295173053,-0.063523377,0.382917211,-0.498912669,0.479962558,0.43344562,-0.383202076,0.303976945,0.283634352,0.173238939,-0.433766066,0.092858938,-0.221010946,-0.088205871,0.439383957,-0.226826059,-0.199887072,0.171995946,-0.287746042,0.182315836,0.346250429,0.148633655,-0.347692633,-0.176355671,-0.462186218,-0.21352412,0.200579873,0.01444463,-0.258571524,0.339049836,-0.069226528,0.184620076,0.398407981,-0.433702502,-0.384670697,-0.227135281,0.136949545,0.048617085,-0.041249147,-0.154226676,-0.487009113,-0.117115317,0.3074736,0.212807764,0.208066944,0.282886097,-0.386650004,0.426249326,-0.285346665,0.332175428,-0.385657686,-0.359772566,0.460382174,0.331712756,0.101289404,-0.143373506,-0.037835922,-0.15228099,0.263636745,-0.391866806,-0.040350987,-0.302977838,0.449792627,-0.380102473,-0.44539358,-0.292244859,0.239296681,0.451242193,0.178704055,0.162601206,-0.495739497,-0.452434742,-0.273186576,0.36986879,0.136563729,-0.469957417,0.426367373,-0.185485973,0.335061739,-0.083052995,-0.034554837,-0.183185612,-0.216414599,-0.194637722,0.073157222,-0.42926644,-0.29421384,0.345781115,0.135551765,-0.152896772,-0.343096691,0.11453678,-0.461337547,-0.471416772,0.005303949,-0.269770358,0.257466049,0.493947929,0.368169356,0.270270008,-0.24458367,0.188582379,-0.204025154,0.222370571,-0.476130397,-0.493842615,0.249433952,-0.146718437,-0.425884339,0.363289429,-0.119649012,-0.006726262,-0.103124209
32,2,0,0,0,0,0,0,0,0,0,0,0,0,0,0,0,0,0,0,-0.425423733,-0.185650576,0.319834531,0.325028817,0.329736077,-0.461282854,0.277753862,0.374973736,-0.262337318,-0.377367055,-0.204762683,-0.499563487,-0.465953177,0.339812127,-0.053105395,-0.230323166,0.149797797,-0.174867556,-0.325586684,0.272948989,-0.093162859,-0.322924877,-0.395562589,-0.418280393,0.145921008,0.416839195,-0.099367615,0.314543458,-0.402015768,-0.067239446,-0.046871177,0.316646664,0.286084856,-0.024808971,-0.456502557,0.131165548,-0.310635834,-0.077734451,-0.07288,0.329637467,-0.186477318,0.411009831,0.047280341,-0.122261636,0.194148966,0.021013363,-0.163487673,0.039410718,-0.290176361,0.009416966,0.2707006,0.368423131,0.401257568,0.12623677,-0.479857297,0.101052157,0.280808096,-0.211929417,0.189240683,-0.253025113,0.37355437,0.356005276,0.252702281,-0.122390774,-0.043302386,-0.049931588,-0.118908196,0.032037421,0.158389019,0.137839353,-0.09771734,0.300296867,-0.259826876,-0.041140188,0.167823644,-0.497779488,0.019071293,0.089256286,-0.415557305,-0.042842372,0.48591489,-0.487489097,0.03087206,-0.364195874,-0.254125238,-0.157409531,-0.19110952,2.03811E-05,-0.054781631,0.444666425,-0.325061558,0.069912367,-0.144836903,-0.283567182,-0.13512642,0.209600876,0.259279229,0.32955211,-0.140605574,-0.20599829,0.235232528,-0.113967888,-0.058628518,0.308588307,0.334741949,0.31836139,-0.131214453,-0.457493241,-0.452535454,0.455002885,0.228184203,0.362561401,0.285104844,0.484370151,0.243528143,0.101487667,0.441382263,-0.41931704,-0.005989475,-0.141422163,-0.128423709,-0.295876873,0.141892466,-0.005877452,0.392204463,-0.444515246,0.387609798,-0.19871915,-0.373025047,-0.147963994,-0.045633559,-0.240111066,-0.280509278,0.496583997,0.458140899,-0.083633516,0.096268512,-0.164243393,-0.458506557,-0.2077219,0.095471984,0.046289511,-0.359227752,-0.198744354,0.377344082,-0.250370656,0.216277936,0.449885634,-0.398340474,0.235437998,-0.296343396,-0.387185623,-0.104395463,0.173606152,0.342252794,-0.09427774,0.142326778,0.412157376,-0.097635719,-0.368033801,0.095984109,0.394948264
